Module,Best_Model,MSE,RMSE,R2
Application,ARIMA,123.01328080952297,11.091135235381588,0.3057941263570939
Admision,Linear Regression,1612.4979928320365,40.15592101835091,-0.4031482708249534
Academic,ARIMA,16.75078841318558,4.092772704803625,-0.21396599701310182
student_Portal,Random Forest,260.3138530949932,16.134244732710396,-0.0002837884068291885
